# ************************************************************
# Sequel Pro SQL dump
# Version 4096
#
# http://www.sequelpro.com/
# http://code.google.com/p/sequel-pro/
#
# Host: 192.168.10.222 (MySQL 5.5.29-log)
# Database: survey
# Generation Time: 2016-06-02 03:19:51 +0000
# ************************************************************


/*!40101 SET @OLD_CHARACTER_SET_CLIENT=@@CHARACTER_SET_CLIENT */;
/*!40101 SET @OLD_CHARACTER_SET_RESULTS=@@CHARACTER_SET_RESULTS */;
/*!40101 SET @OLD_COLLATION_CONNECTION=@@COLLATION_CONNECTION */;
/*!40101 SET NAMES utf8 */;
/*!40014 SET @OLD_FOREIGN_KEY_CHECKS=@@FOREIGN_KEY_CHECKS, FOREIGN_KEY_CHECKS=0 */;
/*!40101 SET @OLD_SQL_MODE=@@SQL_MODE, SQL_MODE='NO_AUTO_VALUE_ON_ZERO' */;
/*!40111 SET @OLD_SQL_NOTES=@@SQL_NOTES, SQL_NOTES=0 */;


# Dump of table answer
# ------------------------------------------------------------

DROP TABLE IF EXISTS `answer`;

CREATE TABLE `answer` (
  `id` int(11) unsigned NOT NULL AUTO_INCREMENT,
  `topic_id` int(11) DEFAULT NULL,
  `question_id` int(11) DEFAULT NULL,
  `question_item_id` int(11) DEFAULT NULL,
  `content` text,
  `last_modified` timestamp NOT NULL DEFAULT CURRENT_TIMESTAMP ON UPDATE CURRENT_TIMESTAMP,
  PRIMARY KEY (`id`)
) ENGINE=MyISAM AUTO_INCREMENT=508 DEFAULT CHARSET=utf8;

LOCK TABLES `answer` WRITE;
/*!40000 ALTER TABLE `answer` DISABLE KEYS */;

INSERT INTO `answer` (`id`, `topic_id`, `question_id`, `question_item_id`, `content`, `last_modified`)
VALUES
	(1,53,84,248,'','2016-05-26 14:27:09'),
	(2,53,104,252,'','2016-05-26 14:27:09'),
	(3,53,103,0,'服了你了','2016-05-26 14:27:09'),
	(4,53,84,247,'','2016-05-26 14:33:45'),
	(5,53,104,249,'','2016-05-26 14:33:45'),
	(6,59,87,64,'','2016-05-26 14:35:18'),
	(7,59,88,180,'','2016-05-26 14:35:18'),
	(8,59,89,183,'','2016-05-26 14:35:18'),
	(9,59,93,142,'','2016-05-26 14:35:18'),
	(10,59,93,143,'','2016-05-26 14:35:18'),
	(11,59,91,185,'','2016-05-26 14:35:18'),
	(12,59,92,213,'','2016-05-26 14:35:18'),
	(13,59,92,216,'','2016-05-26 14:35:18'),
	(14,59,92,218,'','2016-05-26 14:35:18'),
	(15,59,94,226,'','2016-05-26 14:35:18'),
	(16,59,94,227,'','2016-05-26 14:35:18'),
	(17,59,95,223,'','2016-05-26 14:35:18'),
	(18,59,87,64,'','2016-05-26 14:37:38'),
	(19,59,88,180,'','2016-05-26 14:37:38'),
	(20,59,89,183,'','2016-05-26 14:37:38'),
	(21,59,93,142,'','2016-05-26 14:37:38'),
	(22,59,93,143,'','2016-05-26 14:37:38'),
	(23,59,91,185,'','2016-05-26 14:37:38'),
	(24,59,92,213,'','2016-05-26 14:37:38'),
	(25,59,92,216,'','2016-05-26 14:37:38'),
	(26,59,92,218,'','2016-05-26 14:37:38'),
	(27,59,94,226,'','2016-05-26 14:37:38'),
	(28,59,94,227,'','2016-05-26 14:37:38'),
	(29,59,94,232,'盗墓','2016-05-26 14:37:38'),
	(30,59,95,223,'','2016-05-26 14:37:38'),
	(31,59,87,63,'','2016-05-26 14:40:22'),
	(32,59,88,177,'','2016-05-26 14:40:22'),
	(33,59,89,182,'','2016-05-26 14:40:22'),
	(34,59,93,142,'','2016-05-26 14:40:22'),
	(35,59,93,143,'','2016-05-26 14:40:22'),
	(36,59,93,145,'程序开发','2016-05-26 14:40:22'),
	(37,59,91,186,'','2016-05-26 14:40:22'),
	(38,59,91,187,'','2016-05-26 14:40:22'),
	(39,59,92,214,'','2016-05-26 14:40:22'),
	(40,59,94,228,'','2016-05-26 14:40:22'),
	(41,59,94,230,'','2016-05-26 14:40:22'),
	(42,59,95,224,'','2016-05-26 14:40:22'),
	(43,62,105,254,'','2016-05-30 16:34:04'),
	(44,62,106,255,'','2016-05-30 16:34:04'),
	(45,62,107,258,'','2016-05-30 16:34:04'),
	(46,62,109,354,'','2016-05-30 16:34:04'),
	(47,62,108,357,'','2016-05-30 16:34:04'),
	(48,62,110,272,'','2016-05-30 16:34:04'),
	(49,62,111,366,'','2016-05-30 16:34:04'),
	(50,62,113,284,'','2016-05-30 16:34:04'),
	(51,62,113,285,'','2016-05-30 16:34:04'),
	(52,62,113,286,'','2016-05-30 16:34:04'),
	(53,62,114,288,'','2016-05-30 16:34:04'),
	(54,62,114,289,'','2016-05-30 16:34:04'),
	(55,62,114,290,'','2016-05-30 16:34:04'),
	(56,62,115,301,'','2016-05-30 16:34:04'),
	(57,62,116,310,'','2016-05-30 16:34:04'),
	(58,62,116,311,'','2016-05-30 16:34:04'),
	(59,62,116,312,'','2016-05-30 16:34:04'),
	(60,62,116,313,'','2016-05-30 16:34:04'),
	(61,62,117,315,'','2016-05-30 16:34:04'),
	(62,62,118,319,'','2016-05-30 16:34:04'),
	(63,62,118,320,'','2016-05-30 16:34:04'),
	(64,62,119,324,'','2016-05-30 16:34:04'),
	(65,62,119,325,'','2016-05-30 16:34:04'),
	(66,62,119,326,'','2016-05-30 16:34:04'),
	(67,62,119,327,'','2016-05-30 16:34:04'),
	(68,62,121,331,'','2016-05-30 16:34:04'),
	(69,62,122,334,'','2016-05-30 16:34:04'),
	(70,62,123,339,'','2016-05-30 16:34:04'),
	(71,62,124,342,'','2016-05-30 16:34:04'),
	(72,62,126,362,'','2016-05-30 16:34:04'),
	(73,62,125,371,'','2016-05-30 16:34:04'),
	(74,62,105,254,'','2016-05-31 09:11:00'),
	(75,62,106,255,'','2016-05-31 09:11:00'),
	(76,62,107,258,'','2016-05-31 09:11:00'),
	(77,62,109,354,'','2016-05-31 09:11:00'),
	(78,62,108,357,'','2016-05-31 09:11:00'),
	(79,62,110,272,'','2016-05-31 09:11:00'),
	(80,62,111,367,'','2016-05-31 09:11:00'),
	(81,62,113,285,'','2016-05-31 09:11:00'),
	(82,62,113,287,'','2016-05-31 09:11:00'),
	(83,62,114,288,'','2016-05-31 09:11:00'),
	(84,62,114,289,'','2016-05-31 09:11:00'),
	(85,62,115,301,'','2016-05-31 09:11:00'),
	(86,62,116,310,'','2016-05-31 09:11:00'),
	(87,62,116,312,'','2016-05-31 09:11:00'),
	(88,62,117,315,'','2016-05-31 09:11:00'),
	(89,62,118,321,'','2016-05-31 09:11:00'),
	(90,62,118,322,'','2016-05-31 09:11:00'),
	(91,62,119,325,'','2016-05-31 09:11:00'),
	(92,62,119,326,'','2016-05-31 09:11:00'),
	(93,62,119,327,'','2016-05-31 09:11:00'),
	(94,62,121,331,'','2016-05-31 09:11:00'),
	(95,62,122,335,'','2016-05-31 09:11:00'),
	(96,62,123,337,'','2016-05-31 09:11:00'),
	(97,62,124,341,'','2016-05-31 09:11:00'),
	(98,62,126,360,'','2016-05-31 09:11:00'),
	(99,62,125,371,'','2016-05-31 09:11:00'),
	(100,62,105,254,'','2016-05-31 10:18:28'),
	(101,62,106,255,'','2016-05-31 10:18:28'),
	(102,62,107,258,'','2016-05-31 10:18:28'),
	(103,62,109,354,'','2016-05-31 10:18:28'),
	(104,62,108,357,'','2016-05-31 10:18:28'),
	(105,62,110,272,'','2016-05-31 10:18:28'),
	(106,62,111,366,'','2016-05-31 10:18:28'),
	(107,62,113,284,'','2016-05-31 10:18:28'),
	(108,62,113,285,'','2016-05-31 10:18:28'),
	(109,62,113,286,'','2016-05-31 10:18:28'),
	(110,62,114,288,'','2016-05-31 10:18:28'),
	(111,62,114,289,'','2016-05-31 10:18:28'),
	(112,62,115,301,'','2016-05-31 10:18:28'),
	(113,62,116,310,'','2016-05-31 10:18:28'),
	(114,62,116,311,'','2016-05-31 10:18:28'),
	(115,62,116,312,'','2016-05-31 10:18:28'),
	(116,62,116,313,'','2016-05-31 10:18:28'),
	(117,62,117,315,'','2016-05-31 10:18:28'),
	(118,62,118,319,'','2016-05-31 10:18:28'),
	(119,62,118,320,'','2016-05-31 10:18:28'),
	(120,62,119,325,'','2016-05-31 10:18:28'),
	(121,62,121,331,'','2016-05-31 10:18:28'),
	(122,62,122,334,'','2016-05-31 10:18:28'),
	(123,62,123,337,'','2016-05-31 10:18:28'),
	(124,62,124,342,'','2016-05-31 10:18:28'),
	(125,62,126,362,'','2016-05-31 10:18:28'),
	(126,62,125,371,'','2016-05-31 10:18:28'),
	(127,62,105,254,'','2016-05-31 10:22:20'),
	(128,62,106,255,'','2016-05-31 10:22:20'),
	(129,62,107,258,'','2016-05-31 10:22:20'),
	(130,62,109,354,'','2016-05-31 10:22:20'),
	(131,62,108,357,'','2016-05-31 10:22:20'),
	(132,62,110,272,'','2016-05-31 10:22:20'),
	(133,62,111,366,'','2016-05-31 10:22:20'),
	(134,62,113,284,'','2016-05-31 10:22:20'),
	(135,62,113,285,'','2016-05-31 10:22:20'),
	(136,62,113,286,'','2016-05-31 10:22:20'),
	(137,62,114,288,'','2016-05-31 10:22:20'),
	(138,62,114,289,'','2016-05-31 10:22:20'),
	(139,62,115,301,'','2016-05-31 10:22:20'),
	(140,62,116,310,'','2016-05-31 10:22:20'),
	(141,62,116,311,'','2016-05-31 10:22:20'),
	(142,62,116,312,'','2016-05-31 10:22:20'),
	(143,62,116,313,'','2016-05-31 10:22:20'),
	(144,62,117,315,'','2016-05-31 10:22:20'),
	(145,62,118,319,'','2016-05-31 10:22:20'),
	(146,62,118,320,'','2016-05-31 10:22:20'),
	(147,62,119,325,'','2016-05-31 10:22:20'),
	(148,62,121,331,'','2016-05-31 10:22:20'),
	(149,62,122,334,'','2016-05-31 10:22:20'),
	(150,62,123,337,'','2016-05-31 10:22:20'),
	(151,62,124,342,'','2016-05-31 10:22:20'),
	(152,62,126,362,'','2016-05-31 10:22:20'),
	(153,62,125,371,'','2016-05-31 10:22:20'),
	(154,62,105,254,'','2016-05-31 10:48:03'),
	(155,62,106,255,'','2016-05-31 10:48:03'),
	(156,62,107,258,'','2016-05-31 10:48:03'),
	(157,62,109,354,'','2016-05-31 10:48:03'),
	(158,62,108,357,'','2016-05-31 10:48:03'),
	(159,62,110,272,'','2016-05-31 10:48:03'),
	(160,62,111,366,'','2016-05-31 10:48:03'),
	(161,62,113,284,'','2016-05-31 10:48:03'),
	(162,62,113,285,'','2016-05-31 10:48:03'),
	(163,62,113,286,'','2016-05-31 10:48:03'),
	(164,62,114,288,'','2016-05-31 10:48:03'),
	(165,62,114,289,'','2016-05-31 10:48:03'),
	(166,62,115,301,'','2016-05-31 10:48:03'),
	(167,62,116,310,'','2016-05-31 10:48:03'),
	(168,62,116,311,'','2016-05-31 10:48:03'),
	(169,62,116,312,'','2016-05-31 10:48:03'),
	(170,62,117,315,'','2016-05-31 10:48:03'),
	(171,62,118,319,'','2016-05-31 10:48:03'),
	(172,62,118,320,'','2016-05-31 10:48:03'),
	(173,62,119,325,'','2016-05-31 10:48:03'),
	(174,62,121,331,'','2016-05-31 10:48:03'),
	(175,62,122,334,'','2016-05-31 10:48:03'),
	(176,62,123,337,'','2016-05-31 10:48:03'),
	(177,62,124,342,'','2016-05-31 10:48:03'),
	(178,62,126,361,'','2016-05-31 10:48:03'),
	(179,62,125,371,'','2016-05-31 10:48:03'),
	(180,62,105,253,'','2016-06-01 16:20:34'),
	(181,62,106,256,'','2016-06-01 16:20:34'),
	(182,62,107,259,'','2016-06-01 16:20:34'),
	(183,62,109,355,'','2016-06-01 16:20:34'),
	(184,62,108,358,'','2016-06-01 16:20:34'),
	(185,62,110,273,'','2016-06-01 16:20:34'),
	(186,62,111,369,'','2016-06-01 16:20:34'),
	(187,62,113,287,'','2016-06-01 16:20:34'),
	(188,62,114,290,'','2016-06-01 16:20:34'),
	(189,62,114,291,'不想说明','2016-06-01 16:20:34'),
	(190,62,115,304,'不想说明','2016-06-01 16:20:34'),
	(191,62,116,314,'不想说明','2016-06-01 16:20:34'),
	(192,62,117,318,'不想说明','2016-06-01 16:20:34'),
	(193,62,118,323,'不想说明','2016-06-01 16:20:34'),
	(194,62,119,328,'不想说明','2016-06-01 16:20:34'),
	(195,62,121,332,'','2016-06-01 16:20:34'),
	(196,62,122,336,'','2016-06-01 16:20:34'),
	(197,62,123,338,'','2016-06-01 16:20:34'),
	(198,62,124,341,'','2016-06-01 16:20:34'),
	(199,62,126,362,'','2016-06-01 16:20:34'),
	(200,62,125,372,'','2016-06-01 16:20:34'),
	(201,62,105,254,'','2016-06-01 16:24:01'),
	(202,62,106,255,'','2016-06-01 16:24:01'),
	(203,62,107,258,'','2016-06-01 16:24:01'),
	(204,62,109,354,'','2016-06-01 16:24:01'),
	(205,62,108,357,'','2016-06-01 16:24:01'),
	(206,62,110,272,'','2016-06-01 16:24:01'),
	(207,62,111,366,'','2016-06-01 16:24:01'),
	(208,62,113,285,'','2016-06-01 16:24:01'),
	(209,62,113,286,'','2016-06-01 16:24:01'),
	(210,62,113,287,'','2016-06-01 16:24:01'),
	(211,62,114,288,'','2016-06-01 16:24:01'),
	(212,62,114,289,'','2016-06-01 16:24:01'),
	(213,62,114,290,'','2016-06-01 16:24:01'),
	(214,62,115,301,'','2016-06-01 16:24:01'),
	(215,62,116,310,'','2016-06-01 16:24:01'),
	(216,62,116,311,'','2016-06-01 16:24:01'),
	(217,62,116,312,'','2016-06-01 16:24:01'),
	(218,62,116,313,'','2016-06-01 16:24:01'),
	(219,62,117,315,'','2016-06-01 16:24:01'),
	(220,62,118,319,'','2016-06-01 16:24:01'),
	(221,62,118,320,'','2016-06-01 16:24:01'),
	(222,62,118,321,'','2016-06-01 16:24:01'),
	(223,62,118,322,'','2016-06-01 16:24:01'),
	(224,62,119,325,'','2016-06-01 16:24:01'),
	(225,62,119,326,'','2016-06-01 16:24:01'),
	(226,62,119,327,'','2016-06-01 16:24:01'),
	(227,62,121,331,'','2016-06-01 16:24:01'),
	(228,62,122,334,'','2016-06-01 16:24:01'),
	(229,62,123,337,'','2016-06-01 16:24:01'),
	(230,62,124,340,'','2016-06-01 16:24:01'),
	(231,62,126,360,'','2016-06-01 16:24:01'),
	(232,62,126,361,'','2016-06-01 16:24:01'),
	(233,62,126,362,'','2016-06-01 16:24:01'),
	(234,62,125,371,'','2016-06-01 16:24:01'),
	(235,62,105,254,'','2016-06-01 16:25:57'),
	(236,62,106,255,'','2016-06-01 16:25:57'),
	(237,62,107,258,'','2016-06-01 16:25:57'),
	(238,62,109,354,'','2016-06-01 16:25:57'),
	(239,62,108,357,'','2016-06-01 16:25:57'),
	(240,62,110,272,'','2016-06-01 16:25:57'),
	(241,62,111,366,'','2016-06-01 16:25:57'),
	(242,62,113,285,'','2016-06-01 16:25:57'),
	(243,62,113,286,'','2016-06-01 16:25:57'),
	(244,62,113,287,'','2016-06-01 16:25:57'),
	(245,62,114,288,'','2016-06-01 16:25:57'),
	(246,62,114,289,'','2016-06-01 16:25:57'),
	(247,62,114,290,'','2016-06-01 16:25:57'),
	(248,62,115,301,'','2016-06-01 16:25:57'),
	(249,62,116,310,'','2016-06-01 16:25:57'),
	(250,62,116,311,'','2016-06-01 16:25:57'),
	(251,62,116,312,'','2016-06-01 16:25:57'),
	(252,62,116,313,'','2016-06-01 16:25:57'),
	(253,62,117,315,'','2016-06-01 16:25:57'),
	(254,62,118,319,'','2016-06-01 16:25:57'),
	(255,62,118,320,'','2016-06-01 16:25:57'),
	(256,62,118,321,'','2016-06-01 16:25:57'),
	(257,62,118,322,'','2016-06-01 16:25:57'),
	(258,62,119,325,'','2016-06-01 16:25:57'),
	(259,62,119,326,'','2016-06-01 16:25:57'),
	(260,62,121,331,'','2016-06-01 16:25:57'),
	(261,62,122,334,'','2016-06-01 16:25:57'),
	(262,62,123,337,'','2016-06-01 16:25:57'),
	(263,62,124,340,'','2016-06-01 16:25:57'),
	(264,62,126,360,'','2016-06-01 16:25:57'),
	(265,62,126,361,'','2016-06-01 16:25:57'),
	(266,62,126,362,'','2016-06-01 16:25:57'),
	(267,62,125,371,'','2016-06-01 16:25:57'),
	(268,62,105,254,'','2016-06-01 16:26:02'),
	(269,62,106,255,'','2016-06-01 16:26:02'),
	(270,62,107,258,'','2016-06-01 16:26:02'),
	(271,62,109,354,'','2016-06-01 16:26:02'),
	(272,62,108,357,'','2016-06-01 16:26:02'),
	(273,62,110,272,'','2016-06-01 16:26:02'),
	(274,62,111,366,'','2016-06-01 16:26:02'),
	(275,62,113,285,'','2016-06-01 16:26:02'),
	(276,62,113,286,'','2016-06-01 16:26:02'),
	(277,62,113,287,'','2016-06-01 16:26:02'),
	(278,62,114,288,'','2016-06-01 16:26:02'),
	(279,62,114,289,'','2016-06-01 16:26:02'),
	(280,62,114,290,'','2016-06-01 16:26:02'),
	(281,62,115,301,'','2016-06-01 16:26:02'),
	(282,62,116,310,'','2016-06-01 16:26:02'),
	(283,62,116,311,'','2016-06-01 16:26:02'),
	(284,62,116,312,'','2016-06-01 16:26:02'),
	(285,62,116,313,'','2016-06-01 16:26:02'),
	(286,62,117,315,'','2016-06-01 16:26:02'),
	(287,62,118,319,'','2016-06-01 16:26:02'),
	(288,62,118,320,'','2016-06-01 16:26:02'),
	(289,62,118,321,'','2016-06-01 16:26:02'),
	(290,62,118,322,'','2016-06-01 16:26:02'),
	(291,62,119,325,'','2016-06-01 16:26:02'),
	(292,62,119,326,'','2016-06-01 16:26:02'),
	(293,62,121,331,'','2016-06-01 16:26:02'),
	(294,62,122,334,'','2016-06-01 16:26:02'),
	(295,62,123,337,'','2016-06-01 16:26:02'),
	(296,62,124,340,'','2016-06-01 16:26:02'),
	(297,62,126,360,'','2016-06-01 16:26:02'),
	(298,62,126,361,'','2016-06-01 16:26:02'),
	(299,62,126,362,'','2016-06-01 16:26:02'),
	(300,62,125,371,'','2016-06-01 16:26:02'),
	(301,62,105,254,'','2016-06-01 16:26:19'),
	(302,62,106,255,'','2016-06-01 16:26:19'),
	(303,62,107,258,'','2016-06-01 16:26:19'),
	(304,62,109,354,'','2016-06-01 16:26:19'),
	(305,62,108,357,'','2016-06-01 16:26:19'),
	(306,62,110,272,'','2016-06-01 16:26:19'),
	(307,62,111,366,'','2016-06-01 16:26:19'),
	(308,62,113,285,'','2016-06-01 16:26:19'),
	(309,62,113,286,'','2016-06-01 16:26:19'),
	(310,62,113,287,'','2016-06-01 16:26:19'),
	(311,62,114,288,'','2016-06-01 16:26:19'),
	(312,62,114,289,'','2016-06-01 16:26:19'),
	(313,62,114,290,'','2016-06-01 16:26:19'),
	(314,62,115,301,'','2016-06-01 16:26:19'),
	(315,62,116,310,'','2016-06-01 16:26:19'),
	(316,62,116,311,'','2016-06-01 16:26:19'),
	(317,62,116,312,'','2016-06-01 16:26:19'),
	(318,62,116,313,'','2016-06-01 16:26:19'),
	(319,62,117,315,'','2016-06-01 16:26:19'),
	(320,62,118,319,'','2016-06-01 16:26:19'),
	(321,62,118,320,'','2016-06-01 16:26:19'),
	(322,62,118,321,'','2016-06-01 16:26:19'),
	(323,62,118,322,'','2016-06-01 16:26:19'),
	(324,62,119,325,'','2016-06-01 16:26:19'),
	(325,62,119,326,'','2016-06-01 16:26:19'),
	(326,62,121,331,'','2016-06-01 16:26:19'),
	(327,62,122,334,'','2016-06-01 16:26:19'),
	(328,62,123,337,'','2016-06-01 16:26:19'),
	(329,62,124,340,'','2016-06-01 16:26:19'),
	(330,62,126,360,'','2016-06-01 16:26:19'),
	(331,62,126,361,'','2016-06-01 16:26:19'),
	(332,62,126,362,'','2016-06-01 16:26:19'),
	(333,62,125,371,'','2016-06-01 16:26:19'),
	(334,62,105,254,'','2016-06-01 16:26:37'),
	(335,62,106,255,'','2016-06-01 16:26:37'),
	(336,62,107,258,'','2016-06-01 16:26:37'),
	(337,62,109,354,'','2016-06-01 16:26:37'),
	(338,62,108,357,'','2016-06-01 16:26:37'),
	(339,62,110,272,'','2016-06-01 16:26:37'),
	(340,62,111,366,'','2016-06-01 16:26:37'),
	(341,62,113,285,'','2016-06-01 16:26:37'),
	(342,62,113,286,'','2016-06-01 16:26:37'),
	(343,62,113,287,'','2016-06-01 16:26:37'),
	(344,62,114,288,'','2016-06-01 16:26:37'),
	(345,62,114,289,'','2016-06-01 16:26:37'),
	(346,62,114,290,'','2016-06-01 16:26:37'),
	(347,62,115,301,'','2016-06-01 16:26:37'),
	(348,62,116,310,'','2016-06-01 16:26:37'),
	(349,62,116,311,'','2016-06-01 16:26:37'),
	(350,62,116,312,'','2016-06-01 16:26:37'),
	(351,62,116,313,'','2016-06-01 16:26:37'),
	(352,62,117,315,'','2016-06-01 16:26:37'),
	(353,62,118,319,'','2016-06-01 16:26:37'),
	(354,62,118,320,'','2016-06-01 16:26:37'),
	(355,62,118,321,'','2016-06-01 16:26:37'),
	(356,62,118,322,'','2016-06-01 16:26:37'),
	(357,62,119,325,'','2016-06-01 16:26:37'),
	(358,62,119,326,'','2016-06-01 16:26:37'),
	(359,62,121,331,'','2016-06-01 16:26:37'),
	(360,62,122,334,'','2016-06-01 16:26:37'),
	(361,62,123,337,'','2016-06-01 16:26:37'),
	(362,62,124,340,'','2016-06-01 16:26:37'),
	(363,62,126,360,'','2016-06-01 16:26:37'),
	(364,62,126,361,'','2016-06-01 16:26:37'),
	(365,62,126,362,'','2016-06-01 16:26:37'),
	(366,62,125,371,'','2016-06-01 16:26:37'),
	(367,62,105,254,'','2016-06-01 16:27:00'),
	(368,62,106,255,'','2016-06-01 16:27:00'),
	(369,62,107,258,'','2016-06-01 16:27:00'),
	(370,62,109,354,'','2016-06-01 16:27:00'),
	(371,62,108,357,'','2016-06-01 16:27:00'),
	(372,62,110,272,'','2016-06-01 16:27:00'),
	(373,62,111,366,'','2016-06-01 16:27:00'),
	(374,62,113,285,'','2016-06-01 16:27:00'),
	(375,62,113,286,'','2016-06-01 16:27:00'),
	(376,62,113,287,'','2016-06-01 16:27:00'),
	(377,62,114,288,'','2016-06-01 16:27:00'),
	(378,62,114,289,'','2016-06-01 16:27:00'),
	(379,62,114,290,'','2016-06-01 16:27:00'),
	(380,62,115,301,'','2016-06-01 16:27:00'),
	(381,62,116,310,'','2016-06-01 16:27:00'),
	(382,62,116,311,'','2016-06-01 16:27:00'),
	(383,62,116,312,'','2016-06-01 16:27:00'),
	(384,62,116,313,'','2016-06-01 16:27:00'),
	(385,62,117,315,'','2016-06-01 16:27:00'),
	(386,62,118,319,'','2016-06-01 16:27:00'),
	(387,62,118,320,'','2016-06-01 16:27:00'),
	(388,62,118,321,'','2016-06-01 16:27:00'),
	(389,62,118,322,'','2016-06-01 16:27:00'),
	(390,62,119,325,'','2016-06-01 16:27:00'),
	(391,62,119,326,'','2016-06-01 16:27:00'),
	(392,62,121,331,'','2016-06-01 16:27:00'),
	(393,62,122,334,'','2016-06-01 16:27:00'),
	(394,62,123,337,'','2016-06-01 16:27:00'),
	(395,62,124,340,'','2016-06-01 16:27:00'),
	(396,62,126,360,'','2016-06-01 16:27:00'),
	(397,62,126,361,'','2016-06-01 16:27:00'),
	(398,62,126,362,'','2016-06-01 16:27:00'),
	(399,62,125,371,'','2016-06-01 16:27:00'),
	(400,62,105,254,'','2016-06-01 16:27:04'),
	(401,62,106,255,'','2016-06-01 16:27:04'),
	(402,62,107,258,'','2016-06-01 16:27:04'),
	(403,62,109,354,'','2016-06-01 16:27:04'),
	(404,62,108,357,'','2016-06-01 16:27:04'),
	(405,62,110,272,'','2016-06-01 16:27:04'),
	(406,62,111,366,'','2016-06-01 16:27:04'),
	(407,62,113,285,'','2016-06-01 16:27:04'),
	(408,62,113,286,'','2016-06-01 16:27:04'),
	(409,62,113,287,'','2016-06-01 16:27:04'),
	(410,62,114,288,'','2016-06-01 16:27:04'),
	(411,62,114,289,'','2016-06-01 16:27:04'),
	(412,62,114,290,'','2016-06-01 16:27:04'),
	(413,62,115,301,'','2016-06-01 16:27:04'),
	(414,62,116,310,'','2016-06-01 16:27:04'),
	(415,62,116,311,'','2016-06-01 16:27:04'),
	(416,62,116,312,'','2016-06-01 16:27:04'),
	(417,62,116,313,'','2016-06-01 16:27:04'),
	(418,62,117,315,'','2016-06-01 16:27:04'),
	(419,62,118,319,'','2016-06-01 16:27:04'),
	(420,62,118,320,'','2016-06-01 16:27:04'),
	(421,62,118,321,'','2016-06-01 16:27:04'),
	(422,62,118,322,'','2016-06-01 16:27:04'),
	(423,62,119,325,'','2016-06-01 16:27:04'),
	(424,62,119,326,'','2016-06-01 16:27:04'),
	(425,62,121,331,'','2016-06-01 16:27:04'),
	(426,62,122,334,'','2016-06-01 16:27:04'),
	(427,62,123,337,'','2016-06-01 16:27:04'),
	(428,62,124,340,'','2016-06-01 16:27:04'),
	(429,62,126,360,'','2016-06-01 16:27:04'),
	(430,62,126,361,'','2016-06-01 16:27:04'),
	(431,62,126,362,'','2016-06-01 16:27:04'),
	(432,62,125,371,'','2016-06-01 16:27:04'),
	(433,62,105,253,'','2016-06-01 16:27:40'),
	(434,62,106,255,'','2016-06-01 16:27:40'),
	(435,62,107,258,'','2016-06-01 16:27:40'),
	(436,62,109,354,'','2016-06-01 16:27:40'),
	(437,62,108,358,'','2016-06-01 16:27:40'),
	(438,62,110,273,'','2016-06-01 16:27:40'),
	(439,62,111,366,'','2016-06-01 16:27:40'),
	(440,62,113,284,'','2016-06-01 16:27:40'),
	(441,62,113,285,'','2016-06-01 16:27:40'),
	(442,62,113,286,'','2016-06-01 16:27:40'),
	(443,62,113,287,'','2016-06-01 16:27:40'),
	(444,62,114,288,'','2016-06-01 16:27:40'),
	(445,62,114,289,'','2016-06-01 16:27:40'),
	(446,62,114,290,'','2016-06-01 16:27:40'),
	(447,62,115,301,'','2016-06-01 16:27:40'),
	(448,62,116,310,'','2016-06-01 16:27:40'),
	(449,62,116,311,'','2016-06-01 16:27:40'),
	(450,62,116,312,'','2016-06-01 16:27:40'),
	(451,62,116,313,'','2016-06-01 16:27:40'),
	(452,62,117,315,'','2016-06-01 16:27:40'),
	(453,62,118,319,'','2016-06-01 16:27:40'),
	(454,62,118,320,'','2016-06-01 16:27:40'),
	(455,62,118,321,'','2016-06-01 16:27:40'),
	(456,62,118,322,'','2016-06-01 16:27:40'),
	(457,62,119,324,'','2016-06-01 16:27:40'),
	(458,62,119,325,'','2016-06-01 16:27:40'),
	(459,62,119,326,'','2016-06-01 16:27:40'),
	(460,62,121,331,'','2016-06-01 16:27:40'),
	(461,62,122,336,'','2016-06-01 16:27:40'),
	(462,62,123,339,'','2016-06-01 16:27:40'),
	(463,62,124,341,'','2016-06-01 16:27:40'),
	(464,62,126,360,'','2016-06-01 16:27:40'),
	(465,62,126,361,'','2016-06-01 16:27:40'),
	(466,62,126,362,'','2016-06-01 16:27:40'),
	(467,62,125,371,'','2016-06-01 16:27:40'),
	(468,62,105,253,'','2016-06-01 16:37:25'),
	(469,62,106,255,'','2016-06-01 16:37:25'),
	(470,62,107,258,'','2016-06-01 16:37:25'),
	(471,62,109,354,'','2016-06-01 16:37:25'),
	(472,62,108,357,'','2016-06-01 16:37:25'),
	(473,62,110,272,'','2016-06-01 16:37:25'),
	(474,62,111,366,'','2016-06-01 16:37:25'),
	(475,62,113,284,'','2016-06-01 16:37:25'),
	(476,62,114,288,'','2016-06-01 16:37:25'),
	(477,62,114,291,'中间部分','2016-06-01 16:37:25'),
	(478,62,115,304,'具体帮助成分很大','2016-06-01 16:37:25'),
	(479,62,116,310,'','2016-06-01 16:37:25'),
	(480,62,116,311,'','2016-06-01 16:37:25'),
	(481,62,116,312,'','2016-06-01 16:37:25'),
	(482,62,116,313,'','2016-06-01 16:37:25'),
	(483,62,116,314,'不晓得啦','2016-06-01 16:37:25'),
	(484,62,117,318,'没有原因，任性','2016-06-01 16:37:25'),
	(485,62,118,319,'','2016-06-01 16:37:25'),
	(486,62,118,320,'','2016-06-01 16:37:25'),
	(487,62,118,321,'','2016-06-01 16:37:25'),
	(488,62,118,322,'','2016-06-01 16:37:25'),
	(489,62,118,323,'','2016-06-01 16:37:25'),
	(490,62,119,324,'','2016-06-01 16:37:25'),
	(491,62,119,325,'','2016-06-01 16:37:25'),
	(492,62,119,326,'','2016-06-01 16:37:25'),
	(493,62,119,327,'','2016-06-01 16:37:25'),
	(494,62,119,328,'','2016-06-01 16:37:25'),
	(495,62,121,331,'','2016-06-01 16:37:25'),
	(496,62,122,334,'','2016-06-01 16:37:25'),
	(497,62,123,338,'','2016-06-01 16:37:25'),
	(498,62,124,342,'','2016-06-01 16:37:25'),
	(499,62,126,360,'','2016-06-01 16:37:25'),
	(500,62,126,361,'','2016-06-01 16:37:25'),
	(501,62,126,362,'','2016-06-01 16:37:25'),
	(502,62,125,372,'','2016-06-01 16:37:25'),
	(503,62,112,0,'暂时没有，客服都挺负责人的。。。','2016-06-01 16:37:25'),
	(504,62,120,0,'免费课程，小语种，等等','2016-06-01 16:37:25'),
	(505,62,127,0,'1.课程可以增加一些趣味，现在太呆板。。','2016-06-01 16:37:25'),
	(506,62,128,0,'部分题目不会作答，不知道找谁？部分题目不会作答，不知道找谁？部分题目不会作答，不知道找谁？部分题目不会作答，不知道找谁？部分题目不会作答，不知道找谁？部分题目不会作答，不知道找谁？部分题目不会作答，不知道找谁？部分题目不会作答，不知道找谁？部分题目不会作答，不知道找谁？部分题目不会作答，不知道找谁？部分题目不会作答，不知道找谁？部分题目不会作答，不知道找谁？部分题目不会作答，不知道找谁？部分题目不会作答，不知道找谁？部分题目不会作答，不知道找谁？部分题目不会作答，不知道找谁？部分题目不会作答，不知道找谁？部分题目不会作答，不知道找谁？部分题目不会作答，不知道找谁？部分题目不会作答，不知道找谁？部分题目不会作答，不知道找谁？部分题目不会作答，不知道找谁？部分题目不会作答，不知道找谁？部分题目不会作答，不知道找谁？部分题目不会作答，不知道找谁？部分题目不会作答，不知道找谁？部分题目不会作答，不知道找谁？部分题目不会作答，不知道找谁？部分题目不会作答，不知道找谁？部分题目不会作答，不知道找谁？部分题目不会作答，不知道找谁？部分题目不会作答，不知道找谁？部分题目不会作答，不知道找谁？部分题目不会作答，不知道找谁？部分题目不会作答，不知道找谁？部分题目不会作答，不知道找谁？部分题目不会作答，不知道找谁？部分题目不会作答，不知道找谁？部分题目不会作答，不知道找谁？部分题目不会作答，不知道找谁？部分题目不会作答，不知道找谁？部分题目不会作答，不知道找谁？部分题目不会作答，不知道找谁？部分题目不会作答，不知道找谁？部分题目不会作答，不知道找谁？部分题目不会作答，不知道找谁？部分题目不会作答，不知道找谁？部分题目不会作答，不知道找谁？部分题目不会作答，不知道找谁？部分题目不会作答，不知道找谁？部分题目不会作答，不知道找谁？部分题目不会作答，不知道找谁？部分题目不会作答，不知道找谁？部分题目不会作答，不知道找谁？部分题目不会作答，不知道找谁？部分题目不会作答，不知道找谁？部分题目不会作答，不知道找谁？部分题目不会作答，不知道找谁？部分题目不会作答，不知道找谁？部分题目不会作答，不知道找谁？部分题目不会作答，不知道找谁？部分题目不会作答，不知道找谁？部分题目不会作答，不知道找谁？部分题目不会作答，不知道找谁？部分题目不会作答，不知道找谁？部分题目不会作答，不知道找谁？部分题目不会作答，不知道找谁？部分题目不会作答，不知道找谁？部分题目不会作答，不知道找谁？部分题目不会作答，不知道找谁？部分题目不会作答，不知道找谁？部分题目不会作答，不知道找谁？部分题目不会作答，不知道找谁？部分题目不会作答，不知道找谁？部分题目不会作答，不知道找谁？部分题目不会作答，不知道找谁？部分题目不会作答，不知道找谁？部分题目不会作答，不知道找谁？部分题目不会作答，不知道找谁？部分题目不会作答，不知道找谁？部分题目不会作答，不知道找谁？部分题目不会作答，不知道找谁？部分题目不会作答，不知道找谁？部分题目不会作答，不知道找谁？部分题目不会作答，不知道找谁？部分题目不会作答，不知道找谁？部分题目不会作答，不知道找谁？部分题目不会作答，不知道找谁？部分题目不会作答，不知道找谁？部分题目不会作答，不知道找谁？部分题目不会作答，不知道找谁？部分题目不会作答，不知道找谁？部分题目不会作答，不知道找谁？部分题目不会作答，不知道找谁？部分题目不会作答，不知道找谁？部分题目不会作答，不知道找谁？部分题目不会作答，不知道找谁？部分题目不会作答，不知道找谁？部分题目不会作答，不知道找谁？部分题目不会作答，不知道找谁？部分题目不会作答，不知道找谁？部分题目不会作答，不知道找谁？部分题目不会作答，不知道找谁？部分题目不会作答，不知道找谁？部分题目不会作答，不知道找谁？部分题目不会作答，不知道找谁？部分题目不会作答，不知道找谁？部分题目不会作答，不知道找谁？部分题目不会作答，不知道找谁？部分题目不会作答，不知道找谁？部分题目不会作答，不知道找谁？部分题目不会作答，不知道找谁？\n\n部分题目不会作答，不知道找谁？部分题目不会作答，不知道找谁？部分题目不会作答，不知道找谁？部分题目不会作答，不知道找谁？部分题目不会作答，不知道找谁？部分题目不会作答，不知道找谁？部分题目不会作答，不知道找谁？部分题目不会作答，不知道找谁？部分题目不会作答，不知道找谁？部分题目不会作答，不知道找谁？部分题目不会作答，不知道找谁？部分题目不会作答，不知道找谁？部分题目不会作答，不知道找谁？部分题目不会作答，不知道找谁？部分题目不会作答，不知道找谁？部分题目不会作答，不知道找谁？部分题目不会作答，不知道找谁？部分题目不会作答，不知道找谁？部分题目不会作答，不知道找谁？部分题目不会作答，不知道找谁？部分题目不会作答，不知道找谁？部分题目不会作答，不知道找谁？部分题目不会作答，不知道找谁？部分题目不会作答，不知道找谁？部分题目不会作答，不知道找谁？部分题目不会作答，不知道找谁？部分题目不会作答，不知道找谁？部分题目不会作答，不知道找谁？部分题目不会作答，不知道找谁？部分题目不会作答，不知道找谁？','2016-06-01 16:37:25'),
	(507,62,125,377,'','2016-06-02 11:18:42');

/*!40000 ALTER TABLE `answer` ENABLE KEYS */;
UNLOCK TABLES;


# Dump of table gift
# ------------------------------------------------------------

DROP TABLE IF EXISTS `gift`;

CREATE TABLE `gift` (
  `id` int(11) unsigned NOT NULL AUTO_INCREMENT,
  `name` varchar(128) NOT NULL DEFAULT '',
  `info` varchar(128) NOT NULL DEFAULT '',
  `code` int(11) NOT NULL,
  `last_modified` timestamp NOT NULL DEFAULT CURRENT_TIMESTAMP ON UPDATE CURRENT_TIMESTAMP,
  PRIMARY KEY (`id`)
) ENGINE=MyISAM AUTO_INCREMENT=7 DEFAULT CHARSET=utf8;

LOCK TABLES `gift` WRITE;
/*!40000 ALTER TABLE `gift` DISABLE KEYS */;

INSERT INTO `gift` (`id`, `name`, `info`, `code`, `last_modified`)
VALUES
	(5,'优惠券','888 元',4,'0000-00-00 00:00:00'),
	(4,'优惠券','388 元',3,'0000-00-00 00:00:00'),
	(3,'优惠券','288 元',2,'0000-00-00 00:00:00'),
	(2,'优惠券','188 元',1,'0000-00-00 00:00:00'),
	(1,'优惠券','88 元',0,'0000-00-00 00:00:00');

/*!40000 ALTER TABLE `gift` ENABLE KEYS */;
UNLOCK TABLES;


# Dump of table participant
# ------------------------------------------------------------

DROP TABLE IF EXISTS `participant`;

CREATE TABLE `participant` (
  `id` int(11) unsigned NOT NULL AUTO_INCREMENT,
  `name` varchar(128) NOT NULL DEFAULT '',
  `gender` tinyint(4) DEFAULT NULL,
  `telephone` varchar(56) NOT NULL DEFAULT '',
  `mail` varchar(128) NOT NULL DEFAULT '',
  `last_modified` timestamp NOT NULL DEFAULT CURRENT_TIMESTAMP ON UPDATE CURRENT_TIMESTAMP,
  PRIMARY KEY (`id`)
) ENGINE=MyISAM AUTO_INCREMENT=22 DEFAULT CHARSET=utf8;

LOCK TABLES `participant` WRITE;
/*!40000 ALTER TABLE `participant` DISABLE KEYS */;

INSERT INTO `participant` (`id`, `name`, `gender`, `telephone`, `mail`, `last_modified`)
VALUES
	(21,'Lucky',1,'18001166441','lucky@gmail.com','2016-05-26 14:35:36');

/*!40000 ALTER TABLE `participant` ENABLE KEYS */;
UNLOCK TABLES;


# Dump of table participant_gift
# ------------------------------------------------------------

DROP TABLE IF EXISTS `participant_gift`;

CREATE TABLE `participant_gift` (
  `id` int(11) unsigned NOT NULL AUTO_INCREMENT,
  `participant_id` int(11) NOT NULL,
  `gift_code` int(11) NOT NULL,
  `description` varchar(128) DEFAULT NULL,
  `last_modified` timestamp NOT NULL DEFAULT CURRENT_TIMESTAMP ON UPDATE CURRENT_TIMESTAMP,
  PRIMARY KEY (`id`)
) ENGINE=MyISAM AUTO_INCREMENT=15 DEFAULT CHARSET=utf8;

LOCK TABLES `participant_gift` WRITE;
/*!40000 ALTER TABLE `participant_gift` DISABLE KEYS */;

INSERT INTO `participant_gift` (`id`, `participant_id`, `gift_code`, `description`, `last_modified`)
VALUES
	(14,21,4,'Hack--?','2016-05-26 14:35:58');

/*!40000 ALTER TABLE `participant_gift` ENABLE KEYS */;
UNLOCK TABLES;


# Dump of table question
# ------------------------------------------------------------

DROP TABLE IF EXISTS `question`;

CREATE TABLE `question` (
  `id` int(11) unsigned NOT NULL AUTO_INCREMENT,
  `topic_id` int(11) DEFAULT NULL,
  `content` text,
  `type` int(11) DEFAULT NULL,
  `_order` int(11) DEFAULT NULL,
  `mark_as_delete` tinyint(4) NOT NULL DEFAULT '0',
  `last_modified` timestamp NOT NULL DEFAULT CURRENT_TIMESTAMP ON UPDATE CURRENT_TIMESTAMP,
  PRIMARY KEY (`id`)
) ENGINE=MyISAM AUTO_INCREMENT=129 DEFAULT CHARSET=utf8;

LOCK TABLES `question` WRITE;
/*!40000 ALTER TABLE `question` DISABLE KEYS */;

INSERT INTO `question` (`id`, `topic_id`, `content`, `type`, `_order`, `mark_as_delete`, `last_modified`)
VALUES
	(109,62,'4 您认为客服一次性正确解决问题的效率怎样？',1,3,0,'0000-00-00 00:00:00'),
	(108,62,'5 您认为客服的“服务态度”（语言简洁流畅、礼貌程度及耐心性）如何？',1,4,0,'0000-00-00 00:00:00'),
	(107,62,'3 您认为客服的响应速度如何（400电话的接通，在线客服的应答速度）？',1,2,0,'0000-00-00 00:00:00'),
	(105,62,'1 您如有问题需要解答，会通过哪种方式解决？',1,0,0,'0000-00-00 00:00:00'),
	(106,62,'2 您是否可以在网站上很顺利的找到客服的联系方式及咨询入口？',1,1,0,'0000-00-00 00:00:00'),
	(110,62,'6 您认为客服反馈问题及回访跟踪的“及时性”如何？',1,5,0,'0000-00-00 00:00:00'),
	(111,62,'7 请您对客服整体满意度作一个评价',1,6,0,'0000-00-00 00:00:00'),
	(112,62,'8 您认为我们的客服有哪些地方需要改进？',3,7,0,'2016-06-01 16:48:50'),
	(113,62,'9 在网络课程学习过程中，您更喜欢哪一种形式的资源？',2,8,0,'0000-00-00 00:00:00'),
	(114,62,'10 您比较看重视频课程哪一部分内容？',2,9,0,'0000-00-00 00:00:00'),
	(115,62,'11 视频互动是否对您的备考学习有帮助？',1,10,0,'0000-00-00 00:00:00'),
	(116,62,'12 您希望在考前视频互动中听到那部分内容的讲解？',2,11,0,'0000-00-00 00:00:00'),
	(117,62,'13 您对网站的答疑室是否满意？',1,12,0,'0000-00-00 00:00:00'),
	(118,62,'14 您最需要学习顾问为您提供哪方面的服务？',2,13,0,'0000-00-00 00:00:00'),
	(119,62,'15 您希望以何种方式接受自考的相关辅导？',2,14,0,'0000-00-00 00:00:00'),
	(120,62,'16 您还希望网站添加哪些学习资源？',3,15,0,'0000-00-00 00:00:00'),
	(121,62,'17 您觉得老师讲授内容对您考试是否有帮助？',1,16,0,'0000-00-00 00:00:00'),
	(122,62,'18 您觉得课程内容是否符合考试大纲？',1,17,0,'0000-00-00 00:00:00'),
	(123,62,'19 您希望看到什么样的课程讲授形式？',1,18,0,'0000-00-00 00:00:00'),
	(124,62,'20 您认为哪种学习班型更有利于您通过考试？',1,19,0,'0000-00-00 00:00:00'),
	(125,62,'22 如果要通过一门课程考试，您觉得至少要学习多少课时？（50分钟/课时）',1,21,0,'2016-06-01 16:54:49'),
	(126,62,'21 除了网站已有课程，您还想了解学习哪些课程知识？',2,20,0,'0000-00-00 00:00:00'),
	(127,62,'23 根据您的学习，对我们的课程有哪些建议：',3,22,0,'2016-06-01 16:56:36'),
	(128,62,'24 您在学习过程中遇到了哪些无法解决或较难解决的问题：',3,23,0,'0000-00-00 00:00:00');

/*!40000 ALTER TABLE `question` ENABLE KEYS */;
UNLOCK TABLES;


# Dump of table question_item
# ------------------------------------------------------------

DROP TABLE IF EXISTS `question_item`;

CREATE TABLE `question_item` (
  `id` int(11) unsigned NOT NULL AUTO_INCREMENT,
  `question_id` int(11) DEFAULT NULL,
  `content` text,
  `type` int(11) DEFAULT NULL,
  `mark_as_delete` tinyint(4) NOT NULL DEFAULT '0',
  `last_modified` timestamp NOT NULL DEFAULT CURRENT_TIMESTAMP ON UPDATE CURRENT_TIMESTAMP,
  PRIMARY KEY (`id`)
) ENGINE=MyISAM AUTO_INCREMENT=380 DEFAULT CHARSET=utf8;

LOCK TABLES `question_item` WRITE;
/*!40000 ALTER TABLE `question_item` DISABLE KEYS */;

INSERT INTO `question_item` (`id`, `question_id`, `content`, `type`, `mark_as_delete`, `last_modified`)
VALUES
	(340,124,'基础学习班（精讲+阶段测评题）',0,0,'0000-00-00 00:00:00'),
	(339,123,'知识点+例题讲解',0,0,'0000-00-00 00:00:00'),
	(19,71,'Java',NULL,0,'0000-00-00 00:00:00'),
	(20,71,'Ruby',NULL,0,'0000-00-00 00:00:00'),
	(21,71,'Python',NULL,0,'0000-00-00 00:00:00'),
	(338,123,'知识点着重讲解',0,0,'0000-00-00 00:00:00'),
	(337,123,'案例趣味性',0,0,'0000-00-00 00:00:00'),
	(336,122,'50%符合',0,0,'0000-00-00 00:00:00'),
	(335,122,'80%符合',0,0,'0000-00-00 00:00:00'),
	(334,122,'100%符合',0,0,'0000-00-00 00:00:00'),
	(333,121,'没有帮助',0,0,'0000-00-00 00:00:00'),
	(332,121,'有一些帮助',0,0,'0000-00-00 00:00:00'),
	(331,121,'有很大帮助',0,0,'0000-00-00 00:00:00'),
	(319,118,'学习方法',0,0,'0000-00-00 00:00:00'),
	(320,118,'应试技巧',0,0,'0000-00-00 00:00:00'),
	(321,118,'考办政策',0,0,'0000-00-00 00:00:00'),
	(322,118,'报考等相关提醒',0,0,'0000-00-00 00:00:00'),
	(323,118,'其他。请说明：',1,0,'0000-00-00 00:00:00'),
	(324,119,'电话',0,0,'0000-00-00 00:00:00'),
	(325,119,'QQ',0,0,'0000-00-00 00:00:00'),
	(326,119,'邮件',0,0,'0000-00-00 00:00:00'),
	(327,119,'微信',0,0,'0000-00-00 00:00:00'),
	(328,119,'其他。请说明：',1,0,'0000-00-00 00:00:00'),
	(330,120,'',0,0,'0000-00-00 00:00:00'),
	(318,117,'不满意。请说明原因：',1,0,'0000-00-00 00:00:00'),
	(317,117,'从未使用过答疑室',0,0,'0000-00-00 00:00:00'),
	(316,117,'一般，答疑不够及时',0,0,'0000-00-00 00:00:00'),
	(315,117,'满意，老师能够及时并准确的答疑',0,0,'0000-00-00 00:00:00'),
	(313,116,'真题解析',0,0,'0000-00-00 00:00:00'),
	(314,116,'其他。请说明：',1,0,'0000-00-00 00:00:00'),
	(312,116,'应试技巧',0,0,'0000-00-00 00:00:00'),
	(283,112,'',0,1,'2016-06-01 16:48:50'),
	(284,113,'文字讲义',0,0,'0000-00-00 00:00:00'),
	(285,113,'老师的授课视频',0,0,'0000-00-00 00:00:00'),
	(286,113,'练习题',0,0,'0000-00-00 00:00:00'),
	(287,113,'视频互动',0,0,'0000-00-00 00:00:00'),
	(288,114,'授课教师的形象及语气语调',0,0,'0000-00-00 00:00:00'),
	(289,114,'讲义的新颖程度',0,0,'0000-00-00 00:00:00'),
	(290,114,'教学内容的安排',0,0,'0000-00-00 00:00:00'),
	(291,114,'其他。请说明：',1,0,'0000-00-00 00:00:00'),
	(304,115,'其他。请说明：',1,0,'0000-00-00 00:00:00'),
	(303,115,'未参加过',0,0,'0000-00-00 00:00:00'),
	(302,115,'没有',0,0,'0000-00-00 00:00:00'),
	(301,115,'有',0,0,'0000-00-00 00:00:00'),
	(311,116,'教材中的难点',0,0,'0000-00-00 00:00:00'),
	(310,116,'教材中的重点',0,0,'0000-00-00 00:00:00'),
	(258,107,'非常快',0,0,'0000-00-00 00:00:00'),
	(259,107,'一般',0,0,'0000-00-00 00:00:00'),
	(260,107,'很慢',0,0,'0000-00-00 00:00:00'),
	(261,107,'无法接通或无应答',0,0,'0000-00-00 00:00:00'),
	(272,110,'非常快',0,0,'0000-00-00 00:00:00'),
	(359,108,'差',0,0,'0000-00-00 00:00:00'),
	(358,108,'一般',0,0,'0000-00-00 00:00:00'),
	(357,108,'非常好',0,0,'0000-00-00 00:00:00'),
	(356,109,'差',0,0,'0000-00-00 00:00:00'),
	(355,109,'一般',0,0,'0000-00-00 00:00:00'),
	(354,109,'非常高',0,0,'0000-00-00 00:00:00'),
	(273,110,'一般',0,0,'0000-00-00 00:00:00'),
	(274,110,'很慢',0,0,'0000-00-00 00:00:00'),
	(275,110,'杳无音讯',0,0,'0000-00-00 00:00:00'),
	(370,111,'极差',0,0,'0000-00-00 00:00:00'),
	(369,111,'差',0,0,'0000-00-00 00:00:00'),
	(368,111,'一般',0,0,'0000-00-00 00:00:00'),
	(367,111,'好',0,0,'0000-00-00 00:00:00'),
	(366,111,'非常好',0,0,'0000-00-00 00:00:00'),
	(254,105,'在线客服',0,0,'0000-00-00 00:00:00'),
	(255,106,'很好找',0,0,'0000-00-00 00:00:00'),
	(256,106,'一般',0,0,'0000-00-00 00:00:00'),
	(257,106,'不容易找到',0,0,'0000-00-00 00:00:00'),
	(253,105,'400-610-0480客服热线',0,0,'0000-00-00 00:00:00'),
	(341,124,'应试冲刺班（串讲+模考+真题解析）',0,0,'0000-00-00 00:00:00'),
	(342,124,'全程班（A+B）',0,0,'0000-00-00 00:00:00'),
	(372,125,'15课时',0,1,'2016-06-01 16:54:49'),
	(371,125,'20课时',0,1,'2016-06-01 16:54:49'),
	(362,126,'创业课程（商业计划书、互联网运营、推文写作与传播、团队建设）',0,0,'0000-00-00 00:00:00'),
	(360,126,'IT培训（编程、web前端、UI设计等）',0,0,'0000-00-00 00:00:00'),
	(361,126,'个人兴趣（厨艺、国学、奇门遁甲、音乐）',0,0,'0000-00-00 00:00:00'),
	(374,127,'',0,1,'2016-06-01 16:56:36'),
	(353,128,'',0,0,'0000-00-00 00:00:00'),
	(373,125,'6课时',0,1,'2016-06-01 16:54:49'),
	(375,112,'',0,0,'2016-06-01 16:48:50'),
	(376,125,'20课时',0,0,'2016-06-01 16:54:49'),
	(377,125,'15课时',0,0,'2016-06-01 16:54:49'),
	(378,125,'6课时',0,0,'2016-06-01 16:54:49'),
	(379,127,'',0,0,'2016-06-01 16:56:36');

/*!40000 ALTER TABLE `question_item` ENABLE KEYS */;
UNLOCK TABLES;


# Dump of table topic
# ------------------------------------------------------------

DROP TABLE IF EXISTS `topic`;

CREATE TABLE `topic` (
  `id` int(11) unsigned NOT NULL AUTO_INCREMENT,
  `content` text,
  `url` varchar(1024) DEFAULT NULL,
  `force_complete` tinyint(4) NOT NULL DEFAULT '0',
  `_order` int(11) DEFAULT NULL,
  `mark_as_delete` tinyint(4) NOT NULL DEFAULT '0',
  `last_modified` timestamp NOT NULL DEFAULT CURRENT_TIMESTAMP ON UPDATE CURRENT_TIMESTAMP,
  PRIMARY KEY (`id`)
) ENGINE=MyISAM AUTO_INCREMENT=63 DEFAULT CHARSET=utf8;

LOCK TABLES `topic` WRITE;
/*!40000 ALTER TABLE `topic` DISABLE KEYS */;

INSERT INTO `topic` (`id`, `content`, `url`, `force_complete`, `_order`, `mark_as_delete`, `last_modified`)
VALUES
	(62,'<h1 style=\"text-align: center;\"><b>华夏大地教育网问卷调查</b></h1>\n\n<p>&nbsp;</p>\n\n<p style=\"text-align: center;\">说明：本次投票采用匿名形式，我们将严格保密您的信息，请放心作答。</p>\n','',1,100000,0,'2016-06-02 11:19:20');

/*!40000 ALTER TABLE `topic` ENABLE KEYS */;
UNLOCK TABLES;



/*!40111 SET SQL_NOTES=@OLD_SQL_NOTES */;
/*!40101 SET SQL_MODE=@OLD_SQL_MODE */;
/*!40014 SET FOREIGN_KEY_CHECKS=@OLD_FOREIGN_KEY_CHECKS */;
/*!40101 SET CHARACTER_SET_CLIENT=@OLD_CHARACTER_SET_CLIENT */;
/*!40101 SET CHARACTER_SET_RESULTS=@OLD_CHARACTER_SET_RESULTS */;
/*!40101 SET COLLATION_CONNECTION=@OLD_COLLATION_CONNECTION */;
